country,iso3,mean_temp,std_temp,median_temp,max_temp,min_temp,warming_rate,trend_r2,early_mean,early_std,recent_mean,recent_std,period_change,acceleration,years_data,cluster
"Afghanistan, Islamic Rep. of",AFG,0.48466129032258065,0.6862247102937127,0.4635,2.012,-1.124,0.02728480773589181,0.5062886938176299,-0.03110000000000001,0.5472193729257611,1.1883846153846154,0.5280496407317432,1.2194846153846153,0.019829435483870974,62,0
Albania,ALB,0.4713870967741936,0.6907542244121162,0.3355,2.028,-0.814,0.02964488428898795,0.5898499654249761,-0.05719999999999997,0.38264338213895305,1.4363846153846156,0.2615481276494311,1.4935846153846155,0.050116532258064506,62,1
Algeria,DZA,0.7248709677419356,0.7219799944478618,0.6930000000000001,2.33,-0.782,0.033318375261262634,0.6820346538633845,0.004099999999999988,0.3677158370836171,1.5654615384615387,0.4226280112550941,1.5613615384615387,0.013073387096774199,62,1
American Samoa,ASM,0.4762881355932203,0.5375132336044517,0.344,1.539,-0.562,0.026172746891378072,0.7820882208343543,-0.03315,0.2641206412946454,1.2446923076923078,0.217701012329366,1.2778423076923078,0.017066548022516274,59,0
"Andorra, Principality of",AND,0.7928064516129032,0.8329703135071401,0.833,3.243,-0.752,0.03759683714839716,0.6524281836166772,-0.019400000000000008,0.3761941547994375,1.7704615384615385,0.6985457054224172,1.7898615384615386,0.02024274193548387,62,1
Angola,AGO,0.4815,0.5019809066539895,0.4155,1.752,-0.313,0.02353456221198157,0.7039259719466586,0.016649999999999998,0.21949565994989995,1.1832307692307693,0.3468515902241557,1.1665807692307693,0.01636249999999999,62,0
Anguilla,AIA,0.4042096774193548,0.4164328214070755,0.458,1.224,-0.426,0.019115081463574334,0.6747634376098997,-0.019450000000000002,0.2823846713821041,0.8770769230769232,0.21110876404453283,0.8965269230769232,0.001260080645161291,62,0
Antigua and Barbuda,ATG,0.39622950819672126,0.414012171890548,0.455,1.153,-0.467,0.018419571330220052,0.6413170492438555,-0.010249999999999981,0.2905093304054649,0.8645384615384615,0.19216729490412574,0.8747884615384615,0.001335449074832169,61,0
Argentina,ARG,0.3297258064516129,0.36646591045767885,0.3605,1.123,-0.343,0.013579587519830775,0.43973914921933,0.08009999999999999,0.26121072356483216,0.7451538461538463,0.30612166594178586,0.6650538461538463,0.01449032258064516,62,0
"Armenia, Rep. of",ARM,1.0975161290322581,0.8571685147292102,1.194,2.775,-1.31,0.06508387096774194,0.4612159493082659,0.0,0.0,1.685923076923077,0.6415289629131409,1.685923076923077,-0.03382731092436976,31,2
"Aruba, Kingdom of the Netherlands",ABW,0.401608695652174,0.4827514203370396,0.371,1.309,-0.518,0.020971359565988317,0.6417838528685655,0.00872222222222223,0.29623158777343656,0.9916,0.2991678087257681,0.9828777777777779,0.014165415636000394,46,0
Australia,AUS,0.486483870967742,0.47122286837051763,0.40049999999999997,1.499,-0.522,0.019852131651179775,0.5683956094101033,0.07175,0.33584424256365913,0.972,0.4197262997081153,0.90025,0.003985887096774186,62,0
Austria,AUT,0.8093709677419353,0.9100492229486193,0.8245,2.524,-0.883,0.040530155372566795,0.635207927174691,0.01395,0.5397949391350287,1.8788461538461543,0.5962058992990378,1.8648961538461544,0.02590846774193548,62,1
"Azerbaijan, Rep. of",AZE,1.1226451612903225,0.7994237661969138,1.252,2.327,-1.009,0.0676600806451613,0.5730610596821971,0.0,0.0,1.715076923076923,0.4534395331865212,1.715076923076923,-0.029118067226890768,31,2
"Bahamas, The",BHS,0.4282903225806452,0.46428982838853716,0.3535,1.611,-0.469,0.020553045755584094,0.6275714498536407,-0.0029499999999999917,0.21709214027325138,0.9532307692307692,0.4491325256992925,0.9561807692307692,0.004715725806451611,62,0
"Bahrain, Kingdom of",BHR,0.7375645161290323,0.8813941965480807,0.6,2.464,-0.834,0.041036110901261594,0.6941944782076112,0.015250000000000003,0.45869229165209724,1.9215384615384616,0.37287031154379835,1.9062884615384617,0.05051370967741936,62,1
Bangladesh,BGD,0.23262903225806453,0.44353307451574125,0.148,1.337,-0.579,0.018346377578001057,0.5479460127367969,-0.054749999999999986,0.23810896996742348,0.8056153846153845,0.42108442115992584,0.8603653846153845,0.034062499999999996,62,0
Barbados,BRB,0.28376363636363633,0.39306159423111303,0.31,1.147,-0.556,0.018460461760461757,0.5558587395495581,-0.047700000000000006,0.2715313493580631,0.7293333333333334,0.26606440323099717,0.7770333333333334,0.008548397962191069,55,0
"Belarus, Rep. of",BLR,1.5117096774193546,0.816706335406702,1.561,3.51,-0.274,0.05733185483870969,0.3942304112796496,0.0,0.0,1.9740000000000002,0.6654455900622779,1.9740000000000002,0.014163655462184857,31,2
Belize,BLZ,0.4862741935483872,0.4889669547959393,0.4575,1.716,-0.416,0.02337984437561381,0.7321723953608658,0.0172,0.28224021124231263,1.1093846153846152,0.37693755859150346,1.092184615384615,0.009096774193548388,62,0
Benin,BEN,0.5055967741935483,0.45021401576316367,0.5365,1.522,-0.274,0.021606179647956487,0.7375765182170195,0.053200000000000004,0.27881395419281224,1.0386923076923078,0.21898720838418265,0.9854923076923078,0.002859274193548384,62,0
Bhutan,BTN,0.38769354838709674,0.5639693594030384,0.238,1.707,-0.565,0.026047568683740023,0.6831443858010366,-0.044950000000000004,0.2602147847654439,1.1428461538461538,0.38482460207083224,1.187796153846154,0.03655846774193549,62,0
Bolivia,BOL,0.4633870967741936,0.3981302005722504,0.4065,1.533,-0.583,0.016810203721890658,0.5709326060894259,0.0867,0.2617564356017773,0.8966153846153845,0.298946354848028,0.8099153846153845,0.003158467741935485,62,0
Bosnia and Herzegovina,BIH,1.210483870967742,0.6378992675542949,1.373,2.275,-0.043,0.050556048387096784,0.5024953204518986,0.0,0.0,1.6696153846153845,0.38176859013053505,1.6696153846153845,0.023005252100840347,31,2
Botswana,BWA,0.22012903225806452,0.5912456092415829,0.21350000000000002,1.546,-1.305,0.007276271058396916,0.048503270085621324,-0.019349999999999992,0.4148268218247985,0.46869230769230774,0.8360221672315657,0.4880423076923077,-0.01534516129032258,62,0
Brazil,BRA,0.5437096774193548,0.4936028306467423,0.483,1.517,-0.409,0.024940847624084005,0.8176289747658027,0.027649999999999997,0.21753989954658168,1.1986153846153846,0.244459450782585,1.1709653846153847,0.01011008064516129,62,0
British Virgin Islands,VGB,0.418258064516129,0.42567115641385134,0.4525,1.317,-0.368,0.019704061846843444,0.6862023734359018,-0.015800000000000015,0.28070392718457304,0.9016923076923078,0.24499911041178107,0.9174923076923078,0.0013645161290322567,62,0
Brunei Darussalam,BRN,0.5069193548387098,0.5349790559176607,0.441,1.783,-0.337,0.02686049205509808,0.8073159016184158,-0.0012999999999999928,0.18001464852675328,1.314,0.32473117086804787,1.3153000000000001,0.026905241935483885,62,0
Bulgaria,BGR,0.5286290322580645,0.8088428459717676,0.3975,2.192,-0.838,0.03158754501271688,0.48841904352250287,-0.0013499999999999983,0.5401559497034166,1.5557692307692308,0.4995655035205016,1.5571192307692308,0.06334233870967743,62,1
Burkina Faso,BFA,0.5450322580645162,0.48179014196525555,0.5455000000000001,1.624,-0.316,0.02161924907456372,0.6448438012783001,0.07550000000000001,0.3438606663966335,1.0437692307692308,0.2666102504425245,0.9682692307692308,-0.0042697580645161305,62,0
Cabo Verde,CPV,0.816140350877193,0.6549072905755438,0.821,2.0,-0.568,0.029339777970122966,0.6394675028535985,0.153,0.43449172468935404,1.4593636363636364,0.3517118913904598,1.3063636363636364,-0.009358693041472431,57,1
Cambodia,KHM,0.4719999999999999,0.45721089931410525,0.4315,1.552,-0.485,0.020543526982448188,0.6465557856612247,0.029549999999999993,0.3081468335917661,1.0301538461538462,0.3286162519195316,1.0006038461538462,0.0011084677419354871,62,0
Cameroon,CMR,0.4367903225806451,0.4786627251233133,0.327,1.47,-0.384,0.02261879579965249,0.7151034611631079,0.0419,0.22716326148482077,1.06,0.31260224993858676,1.0181,0.02251290322580645,62,0
Canada,CAN,0.6500806451612902,0.914209887992254,0.4765,2.915,-1.796,0.03398682984563471,0.4426073528145443,-0.07355000000000002,0.6491989780936926,1.5192307692307692,0.7705862653251044,1.5927807692307692,0.006441129032258054,62,1
Cayman Islands,CYM,0.6312222222222222,0.49394615341060794,0.775,1.355,-0.341,0.022741364203129156,0.6628582235046235,0.11805882352941177,0.36589914433287407,1.0470000000000002,0.2209509749544757,0.9289411764705884,-0.03368123698172849,54,0
Central African Rep.,CAF,0.4513870967741936,0.4617634625188287,0.432,1.268,-0.457,0.02176777215381128,0.71166887525877,0.04964999999999999,0.22193035299153507,1.0196923076923077,0.246543567689832,0.9700423076923077,0.016610483870967745,62,0
Chad,TCD,0.4575806451612904,0.4961403790807824,0.4375,1.527,-0.409,0.02250127168794541,0.6587097885018429,0.04295000000000001,0.3134340315046583,1.0569230769230769,0.2584142222409793,1.0139730769230768,0.016584274193548378,62,0
Chile,CHL,0.2651290322580645,0.33570472259119505,0.2755,1.022,-0.364,0.011707587318375262,0.3895014223173587,0.027750000000000004,0.2502653065932442,0.6159230769230769,0.30812645173112,0.5881730769230769,0.008185887096774197,62,0
"China, P.R.: Hong Kong",HKG,0.4168548387096774,0.5913410087298353,0.315,2.017,-0.769,0.024607010651960415,0.5545374197465566,-0.00819999999999999,0.3420173279697667,1.0976153846153847,0.5714931522572453,1.1058153846153846,0.03848427419354839,62,0
"China, P.R.: Macao",MAC,0.4168548387096774,0.5913410087298353,0.315,2.017,-0.769,0.024607010651960415,0.5545374197465566,-0.00819999999999999,0.3420173279697667,1.0976153846153847,0.5714931522572453,1.1058153846153846,0.03848427419354839,62,0
"China, P.R.: Mainland",CHN,0.5860967741935484,0.5963543466461761,0.429,1.906,-0.408,0.029346125758605925,0.7755001907322009,0.025500000000000002,0.2510209678807519,1.286153846153846,0.37105544198359497,1.260653846153846,0.021516532258064505,62,0
Colombia,COL,0.3842258064516129,0.4560085744579683,0.356,1.583,-0.431,0.020850746644506563,0.669555131888658,-0.008749999999999999,0.25267555127183616,1.0056153846153848,0.3003355175082079,1.0143653846153848,0.018658467741935497,62,0
"Comoros, Union of the",COM,0.27047540983606555,0.37448839884665813,0.235,1.296,-0.545,0.014757630944441626,0.5043909159123885,-0.02085,0.279758970506662,0.7212307692307693,0.2563770510550668,0.7420807692307694,0.010570466448274416,61,0
"Congo, Dem. Rep. of the",COD,0.4907258064516129,0.5324966505832822,0.39,1.692,-0.213,0.02581816121477676,0.7528457347538373,0.03905000000000001,0.20502130184575046,1.2596153846153844,0.3509509791175824,1.2205653846153843,0.03302983870967741,62,0
"Congo, Rep. of",COG,0.40837704918032797,0.5169509652344857,0.31,1.5,-0.314,0.024066405636271937,0.7043714390333308,0.0361,0.20865708458465632,1.122846153846154,0.3066118192312679,1.086746153846154,0.038058064516129045,61,0
Cook Islands,COK,0.1394354838709677,0.25514206169136583,0.1605,0.675,-0.43,0.007967439752209714,0.31229324728338564,-0.03580000000000001,0.22002047751587986,0.3351538461538462,0.28463685816429507,0.3709538461538462,-0.0015217741935483874,62,0
Costa Rica,CRI,0.40519999999999995,0.4089373546155939,0.4615,1.139,-0.549,0.020711801378103467,0.3664636683245608,0.03909999999999999,0.32215436258621943,0.7765,0.3005203820042827,0.7373999999999999,-0.01034141530296329,40,0
"Croatia, Rep. of",HRV,1.2839677419354838,0.6340985210858705,1.416,2.282,-0.055,0.04957903225806452,0.489071772189269,0.0,0.0,1.7273076923076924,0.43191866221457803,1.7273076923076924,0.028270378151260503,31,2
Cuba,CUB,0.6002741935483871,0.5162306989082666,0.6094999999999999,1.722,-0.349,0.025441187580267435,0.7778148740763713,0.047450000000000006,0.2762779826265758,1.1917692307692307,0.3612125768035018,1.1443192307692307,-0.008300806451612904,62,0
Cyprus,CYP,0.4244193548387097,0.7231408765706208,0.357,2.119,-0.928,0.029016947445292242,0.515640192689767,-0.03750000000000001,0.4833079545666183,1.3808461538461538,0.4695845408716529,1.418346153846154,0.058016935483870956,62,1
Czech Rep.,CZE,1.4056999999999997,0.7735632768774209,1.3780000000000001,2.672,-0.602,0.0551539488320356,0.3808377411259804,0.0,0.0,1.812692307692308,0.7358578196698266,1.812692307692308,0.03162499999999999,30,2
Denmark,DNK,0.7248548387096775,0.9849755498320298,0.7689999999999999,2.677,-1.204,0.03729649215582583,0.4591707472890201,-0.010799999999999995,0.7277349575367755,1.5776153846153849,0.867286336652198,1.5884153846153848,0.019543548387096772,62,1
Djibouti,DJI,0.5504426229508197,0.5943636775023384,0.434,1.811,-0.503,0.02919631685975377,0.7685248876520209,0.034600000000000006,0.34396961310098617,1.3419166666666664,0.2673031844633401,1.3073166666666665,0.017467020373514417,61,0
Dominica,DMA,0.38370967741935474,0.3922314321391906,0.437,1.193,-0.434,0.01758530382010023,0.6437305245494831,-0.013400000000000009,0.2586923391130659,0.809,0.1964281038955475,0.8224,-0.0012250000000000004,62,0
Dominican Rep.,DOM,0.5660322580645162,0.4963460670885345,0.616,1.488,-0.438,0.024049860240235706,0.7518740263141526,0.019049999999999994,0.29231138318040595,1.0846923076923074,0.24737231878802465,1.0656423076923074,-0.009712500000000006,62,0
Ecuador,ECU,0.5048548387096774,0.5157773915536403,0.5085,1.55,-0.569,0.022365818035305077,0.6021907912000084,0.026100000000000005,0.3415714304582032,1.0504615384615386,0.3271125227870412,1.0243615384615385,-0.003840725806451617,62,0
"Egypt, Arab Rep. of",EGY,0.3579838709677419,0.6605429704938858,0.3825,2.325,-1.123,0.026216438770114068,0.5044688819871154,-0.04340000000000001,0.3839141077184624,1.2313076923076924,0.530754083767518,1.2747076923076925,0.0498491935483871,62,1
El Salvador,SLV,0.40901612903225804,0.4014566015968112,0.4565,1.484,-0.423,0.01774941451990632,0.6260081606345308,0.028500000000000004,0.28906628269217716,0.8512307692307692,0.32091383938324053,0.8227307692307693,-0.004974596774193551,62,0
"Equatorial Guinea, Rep. of",GNQ,0.42375,0.4820958627009086,0.3395,1.602,-0.349,0.022830858151705585,0.7410209399450106,0.0167,0.21277071919643553,1.065,0.33488057572812435,1.0483,0.025739270687237043,60,0
"Estonia, Rep. of",EST,1.5555806451612904,0.8089860947883307,1.597,3.625,-0.35,0.05402983870967741,0.35684138432385853,0.0,0.0,1.9347692307692308,0.7614436019656077,1.9347692307692308,0.016624159663865504,31,2
"Eswatini, Kingdom of",SWZ,0.42956451612903224,0.49466292273425116,0.4665,1.623,-0.436,0.019818664853567026,0.5140663861085747,0.0007500000000000076,0.3085817941554727,0.9894615384615384,0.33063313389732923,0.9887115384615384,0.008904435483870966,62,0
"Ethiopia, The Federal Dem. Rep. of",ETH,1.0058333333333331,0.363518920491844,1.0615,1.532,0.132,0.03656796440489432,0.7580990924717101,0.0,0.0,1.3123076923076924,0.17191053129238698,1.3123076923076924,-0.022500000000000003,30,0
Faroe Islands,FRO,0.4125483870967741,0.5868930132051424,0.4735,1.764,-0.873,0.022719196192490743,0.479907109199182,-0.03995,0.4266382018328385,0.9304615384615385,0.4267314954755147,0.9704115384615385,0.014074193548387095,62,0
"Fiji, Rep. of",FJI,0.3813064516129032,0.43528639399490354,0.3325,1.346,-0.643,0.020170456548563375,0.6876546916952933,0.005,0.24464195104381894,0.9474615384615385,0.24402172559856752,0.9424615384615385,0.01873185483870968,62,0
Finland,FIN,0.793725806451613,1.1487259165133827,1.1045,3.317,-1.801,0.042419908841378966,0.43671263942879734,-0.01795000000000001,1.0456795058464943,1.8713846153846156,0.7590762520394486,1.8893346153846156,0.034805645161290324,62,1
France,FRA,0.7477580645161293,0.8227131488788721,0.747,2.929,-0.955,0.03750932990858956,0.6656882219143593,-0.025850000000000005,0.40648211911213844,1.693384615384615,0.6880252585554227,1.719234615384615,0.018268145161290324,62,1
French Polynesia,PYF,0.34464516129032263,0.3535345079098199,0.338,1.127,-0.516,0.016024879756238827,0.6579836095066568,-0.024300000000000006,0.24443255446893838,0.6941538461538462,0.23584806060747604,0.7184538461538462,-0.0020181451612903273,62,0
Gabon,GAB,0.39590322580645154,0.491742153443718,0.252,1.534,-0.374,0.023011961421268667,0.7013285770107366,0.029850000000000005,0.20997199687978446,1.0636153846153849,0.3044532089012307,1.033765384615385,0.032502016129032245,62,0
"Gambia, The",GMB,0.7731774193548386,0.5831289771622086,0.842,1.77,-0.547,0.02774291757951197,0.7248767252514661,0.11884999999999998,0.42553536249863194,1.321846153846154,0.29960553125564016,1.202996153846154,-0.024741129032258065,62,0
Georgia,GEO,0.9715483870967742,0.8308193328201511,1.06,2.51,-1.204,0.06425362903225806,0.4784891809478193,0.0,0.0,1.5537692307692306,0.5880771142526227,1.5537692307692306,-0.037393067226890765,31,2
Germany,DEU,0.767483870967742,0.937849680883564,0.9415,2.596,-1.084,0.038947445292236406,0.5523070926079904,-0.003649999999999995,0.6187171171485654,1.711153846153846,0.7752467183800098,1.714803846153846,0.019469758064516122,62,1
Ghana,GHA,0.5361451612903226,0.4646345024464753,0.564,1.494,-0.353,0.02278031275968875,0.7698136204731297,0.04954999999999998,0.2766379878393231,1.1013076923076923,0.24612577564305904,1.0517576923076923,0.0019161290322580599,62,0
Gibraltar,GIB,0.6529354838709678,0.6928602445070104,0.7255,2.228,-0.865,0.03138918687517312,0.6572914516640557,-0.03799999999999998,0.4076080418606503,1.457923076923077,0.4480450984626551,1.4959230769230771,0.01574395161290322,62,1
Greece,GRC,0.3494838709677419,0.6521072972749264,0.28700000000000003,1.905,-0.916,0.024773236634685603,0.4621857170328421,-0.04015,0.4219295619687697,1.2296153846153846,0.42065079310942677,1.2697653846153845,0.060932258064516125,62,1
Greenland,GRL,0.44569354838709674,1.093369010528551,0.5055000000000001,3.058,-2.062,0.03852320515726122,0.39755795189740983,-0.07849999999999999,0.6334651155601064,1.6384615384615384,0.7429463434399345,1.7169615384615384,0.08675766129032259,62,1
Grenada,GRD,0.3802903225806452,0.42865240399971477,0.4375,1.235,-0.447,0.018811009543955072,0.6167409970357772,-0.014000000000000002,0.2549951495926726,0.8456153846153845,0.23471881704908767,0.8596153846153846,0.006590322580645162,62,0
Guadeloupe,GLP,0.3961451612903226,0.4048248863467007,0.471,1.16,-0.434,0.018451688449044348,0.6653144550575798,-0.015850000000000003,0.2701138697504794,0.8493846153846155,0.19823955981822364,0.8652346153846155,0.0002915322580645252,62,0
Guatemala,GTM,0.4298225806451613,0.45301678827374203,0.4305,1.728,-0.392,0.020649517765858327,0.6653962863803169,0.024199999999999992,0.2795922971606674,0.9911538461538463,0.41058491735446684,0.9669538461538463,0.009529032258064514,62,0
Guinea,GIN,0.5978870967741934,0.4990009084237225,0.6225,1.559,-0.248,0.024890206743723407,0.7967892642244329,0.08180000000000001,0.2922667491035868,1.1808461538461539,0.26667984743066175,1.0990461538461538,0.002347580645161291,62,0
Guinea-Bissau,GNB,0.7192258064516127,0.5613906528795066,0.7905,1.674,-0.432,0.027999647452846815,0.7966433035645851,0.089,0.3507386191273616,1.3106153846153847,0.27488801915857136,1.2216153846153848,-0.013551612903225808,62,0
Guyana,GUY,0.5055161290322581,0.5388328707893386,0.4855,1.506,-0.486,0.02511797738661832,0.6959055591278428,0.002950000000000008,0.2904898720944909,1.1283846153846153,0.19377630507948182,1.1254346153846153,0.014606048387096768,62,0
Haiti,HTI,0.609774193548387,0.5185935203355582,0.661,1.537,-0.431,0.025094457455113194,0.7498779569594073,0.016699999999999986,0.2753579679731745,1.1385384615384613,0.29529494165004344,1.1218384615384613,-0.016678629032258065,62,0
Holy See,VAT,0.5800161290322581,0.6826876320585138,0.5065,2.028,-0.585,0.03099345269572663,0.6600623902951569,-0.0521,0.3164822935098631,1.4399230769230766,0.3657005745913045,1.4920230769230767,0.027694354838709686,62,1
Honduras,HND,0.447016129032258,0.4500098741545885,0.4415,1.813,-0.327,0.02098272518949409,0.6962558183619287,0.026150000000000007,0.27035245513958256,0.9965384615384617,0.33565175787429236,0.9703884615384617,0.004403225806451614,62,0
Hungary,HUN,0.6603064516129032,0.9105982009134236,0.617,2.524,-1.068,0.037024779028480774,0.5294445876969285,-0.01365000000000001,0.6157704010766556,1.7341538461538462,0.5607166316649088,1.747803846153846,0.04540201612903227,62,1
Iceland,ISL,0.354483870967742,0.6809709799589891,0.413,1.784,-1.239,0.025948981390546706,0.46502099222594473,-0.09895000000000001,0.5884092270019673,1.0546923076923076,0.39335509500860766,1.1536423076923077,0.030328629032258067,62,0
India,IND,0.2986935483870968,0.3856772672513973,0.2965,1.134,-0.519,0.017107627609478485,0.6301161811184474,-0.018600000000000005,0.2640507128325323,0.7288461538461539,0.24390840020857765,0.7474461538461539,0.00954072580645161,62,0
Indonesia,IDN,0.37174193548387097,0.40110974829452734,0.2895,1.488,-0.257,0.019355040165193522,0.745677190034901,0.007249999999999995,0.15806823143653403,0.9333846153846154,0.3229087947758465,0.9261346153846154,0.01399516129032257,62,0
"Iran, Islamic Rep. of",IRN,0.697774193548387,0.8164708757493623,0.702,2.37,-0.959,0.03658321371912065,0.6429414887089137,0.01255000000000001,0.5478764243109842,1.7050000000000003,0.41906682044752724,1.6924500000000002,0.03601491935483871,62,1
Iraq,IRQ,0.6306290322580644,0.9005860678517856,0.567,2.712,-1.169,0.03768938077610738,0.5608887052425925,0.006300000000000003,0.6109017579731923,1.7859230769230767,0.5685350269975255,1.7796230769230768,0.056497177419354824,62,1
Ireland,IRL,0.4371612903225806,0.5899156909021226,0.427,1.764,-0.773,0.023941326080934758,0.5274795732102211,-0.05235000000000001,0.41595802862662407,0.8984615384615384,0.47718211327623045,0.9508115384615384,0.002391532258064516,62,0
Isle of Man,IMN,0.4397580645161291,0.6202012858867746,0.40449999999999997,1.84,-0.82,0.025012943516909667,0.5208988738786943,-0.062349999999999996,0.44014366972614755,0.9356923076923078,0.522678260598778,0.9980423076923078,0.0052774193548387055,62,0
Israel,ISR,0.3335161290322581,0.7260470024315604,0.244,2.321,-1.066,0.02756989247311828,0.4617743541284015,-0.0686,0.4942028562826147,1.3166923076923078,0.5062491785368455,1.3852923076923078,0.06324274193548388,62,1
Italy,ITA,0.6495161290322581,0.7182594719839711,0.5345,2.135,-0.537,0.033947621565812984,0.7153937126447306,-0.0368,0.31504011440483337,1.5660769230769231,0.37014196860539456,1.602876923076923,0.028000403225806447,62,1
Jamaica,JAM,0.6292033898305086,0.5238194079946817,0.617,1.623,-0.361,0.025007107954755265,0.7447235942748314,-0.008647058823529412,0.25267269865788594,1.181153846153846,0.2954095592432779,1.1898009049773755,-0.013201883506429219,59,0
Japan,JPN,0.37453225806451607,0.5541512463201062,0.369,1.437,-0.686,0.022413462264863637,0.5239024221949198,-0.039650000000000005,0.34524793150796185,0.9456153846153845,0.3485980346238196,0.9852653846153845,0.017688709677419354,62,0
Jordan,JOR,0.36240322580645157,0.7815484724751907,0.379,2.625,-1.11,0.02898348064767949,0.4404315068517515,-0.0688,0.5666159564513367,1.3944615384615386,0.5699103168313144,1.4632615384615386,0.06311048387096775,62,1
"Kazakhstan, Rep. of",KAZ,1.3268064516129037,0.8259689683835406,1.487,2.853,-0.408,0.0439326612903226,0.22632761600455337,0.0,0.0,1.5585384615384614,0.7098317424320376,1.5585384615384614,-0.04373382352941178,31,2
Kenya,KEN,0.46080645161290323,0.5194967427855812,0.386,1.624,-0.641,0.02506358439727028,0.7454351055770888,0.004449999999999996,0.3024847060074626,1.1898461538461538,0.2532554198675868,1.1853961538461537,0.023855241935483867,62,0
Kiribati,KIR,0.2453793103448276,0.39080062945923116,0.175,1.425,-0.442,0.017813799978630824,0.6301085369078249,-0.03855000000000001,0.2140522501387773,0.8142727272727274,0.3625796714955462,0.8528227272727273,0.025551694917053898,58,0
"Korea, Dem. People's Rep. of",PRK,0.625790322580645,0.6918886992605183,0.609,1.864,-0.702,0.028196696129535896,0.5318793287421869,0.04305000000000001,0.425603902213017,1.1843846153846154,0.6044077732874193,1.1413346153846153,-0.0013766129032258025,62,0
"Korea, Rep. of",KOR,0.48587096774193544,0.6524056348491591,0.507,1.762,-0.808,0.02570990405681045,0.49734143549558,-0.006700000000000009,0.4919956247131087,1.0906923076923078,0.5310998626459661,1.0973923076923078,0.014978629032258066,62,0
Kuwait,KWT,0.772951612903226,0.9085188305151548,0.629,2.676,-0.781,0.04130868021455012,0.6620700033428671,0.042449999999999974,0.5759877077452992,1.9443846153846154,0.4481507444416329,1.9019346153846155,0.047840725806451614,62,1
Kyrgyz Rep.,KGZ,1.13141935483871,0.6314626019725209,1.28,2.619,-0.382,0.04442862903225807,0.3960231205639407,0.0,0.0,1.4106153846153846,0.5556480508471675,1.4106153846153846,-0.041238445378151245,31,2
Lao People's Dem. Rep.,LAO,0.5217258064516128,0.5666928441904024,0.472,2.2,-0.49,0.025178187403993864,0.6321826963287801,0.023750000000000004,0.3450284313227718,1.2524615384615387,0.47271989863353814,1.2287115384615388,0.01351895161290323,62,0
Latvia,LVA,1.5134193548387098,0.7846819686238844,1.562,3.55,-0.411,0.052233064516129024,0.35448156497072797,0.0,0.0,1.8924615384615384,0.740358540999406,1.8924615384615384,0.030667436974789915,31,2
Lebanon,LBN,0.4253548387096775,0.768906976561937,0.3895,2.353,-1.017,0.030475888292916323,0.5030999586393876,-0.051449999999999996,0.5263064421538384,1.4557692307692305,0.4926154947228372,1.5072192307692305,0.060916129032258064,62,1
"Lesotho, Kingdom of",LSO,0.5180645161290323,0.512636350735815,0.4505,2.015,-0.422,0.020549218100778123,0.5145895287235694,0.08084999999999998,0.2596311705801946,1.1437692307692306,0.44323134550821836,1.0629192307692308,0.012873387096774193,62,0
Liberia,LBR,0.6219677419354838,0.5305168194634462,0.543,1.593,-0.259,0.02735624889829014,0.8515377717337655,0.0697,0.2372196628044409,1.3053846153846156,0.2520871338980295,1.2356846153846155,0.0089491935483871,62,0
Libya,LBY,0.4556774193548387,0.606436518343377,0.32499999999999996,2.074,-0.557,0.02589262420991665,0.583808728132418,-0.04835,0.3416517579117815,1.175153846153846,0.5192861841274433,1.2235038461538459,0.02047016129032258,62,0
Liechtenstein,LIE,0.7898709677419354,0.8514982712438832,0.8995,2.534,-0.84,0.03862123844778524,0.6588309444117679,0.010600000000000014,0.4723692133111667,1.7883076923076924,0.6007204542069166,1.7777076923076924,0.019385483870967724,62,1
Lithuania,LTU,1.4637419354838712,0.8010468138122981,1.49,3.445,-0.518,0.05261612903225806,0.3451532603143321,0.0,0.0,1.8573076923076925,0.7536494968502029,1.8573076923076925,0.04182415966386552,31,2
"Madagascar, Rep. of",MDG,0.43348387096774194,0.46688600328392255,0.41800000000000004,1.438,-0.588,0.02224784064868677,0.7271820664507154,0.017050000000000003,0.337747410290434,1.076769230769231,0.21498571807066388,1.059719230769231,0.01511653225806452,62,0
Malawi,MWI,0.4773064516129032,0.4910934340083551,0.508,1.366,-0.572,0.022672685150210262,0.6826008071781888,-0.004149999999999997,0.29093122265544047,1.0134615384615386,0.21635334347028065,1.0176115384615387,-0.0008068548387096808,62,0
Malaysia,MYS,0.545483870967742,0.5314552371504989,0.47250000000000003,1.836,-0.243,0.027023595477323664,0.8280222722375813,0.0186,0.19241988079799807,1.3372307692307692,0.31481638930392264,1.3186307692307693,0.0200125,62,0
Maldives,MDV,0.43089285714285713,0.3944984464287456,0.4155,1.555,-0.318,0.01820438846517778,0.5834227323011748,0.04385714285714285,0.25385363958326523,0.9196153846153846,0.2912563414077991,0.8757582417582418,0.011309853361043622,56,0
Mali,MLI,0.6118709677419354,0.5312285664403688,0.6465000000000001,1.687,-0.471,0.02278970562312709,0.5893913088535743,0.08995,0.41548291180263963,1.0911538461538461,0.33298094193558236,1.0012038461538462,-0.014354838709677409,62,0
Malta,MLT,0.6353709677419354,0.7120967276148014,0.624,2.123,-0.706,0.033446677243081264,0.7065080539284895,-0.0981,0.32822359195491946,1.4902307692307697,0.3082948139487467,1.5883307692307698,0.01787459677419355,62,1
"Marshall Islands, Rep. of the",MHL,0.26040625,0.24731746543852803,0.247,0.783,-0.273,0.016982954545454548,0.401986351509111,0.0,0.0,0.4570769230769231,0.20897506292157667,0.4570769230769231,-0.0009338235294117508,32,0
Martinique,MTQ,0.38,0.3874486854681117,0.4285,1.177,-0.415,0.017468409256880965,0.6509797381317026,-0.014350000000000007,0.25277747130628553,0.7976923076923076,0.19494631082060546,0.8120423076923076,-0.001379435483870966,62,0
"Mauritania, Islamic Rep. of",MRT,0.8935967741935482,0.7135765767998107,0.955,2.141,-0.679,0.03273971947319383,0.6741520732701555,0.10619999999999999,0.5146349344821761,1.6335384615384616,0.3451484258944779,1.5273384615384615,-0.022152419354838714,62,2
Mauritius,MUS,0.3839354838709676,0.43380038039542734,0.3245,1.462,-0.686,0.018732995895343853,0.5972054430591643,0.048350000000000004,0.32179468364323954,1.0056153846153846,0.24357597666899827,0.9572653846153846,0.019204032258064517,62,0
Mayotte,MYT,0.32796666666666674,0.4212184297434712,0.3425,1.383,-0.74,0.01747323362558019,0.5561070443883528,-0.03605555555555557,0.3374366122996458,0.8482307692307691,0.23903596446495728,0.8842863247863247,0.012161643296503197,60,0
Mexico,MEX,0.43672580645161285,0.5245203083295785,0.346,1.726,-0.495,0.02561811588728564,0.7639393742174132,-0.06634999999999999,0.24405807656548084,1.1431538461538464,0.36727597392919814,1.2095038461538463,0.020334677419354845,62,0
"Micronesia, Federated States of",FSM,0.255,0.30319084336437335,0.109,0.877,-0.164,0.02715285923753666,0.6837437380131335,0.0,0.0,0.5656153846153846,0.2318219641814017,0.5656153846153846,0.04262647058823529,32,0
"Moldova, Rep. of",MDA,1.229483870967742,0.9095408579720317,1.411,3.06,-0.655,0.06826048387096774,0.4505928395051311,0.0,0.0,1.794,0.6429291044379102,1.794,-0.0037157563025210227,31,2
Monaco,MCO,0.7118548387096775,0.7740706987544066,0.6615,2.737,-0.631,0.03619271738309285,0.7001164227742247,-0.0035000000000000087,0.32794664200140855,1.6706923076923077,0.5970459759816639,1.6741923076923078,0.03131935483870968,62,1
Mongolia,MNG,0.8955967741935486,0.8663390616075287,0.8825000000000001,2.729,-0.861,0.03513930648938581,0.5268654471868499,0.18234999999999998,0.5727612963805943,1.6006923076923074,0.7801067645537783,1.4183423076923074,0.0041185483870967675,62,1
Montserrat,MSR,0.39622950819672126,0.414012171890548,0.455,1.153,-0.467,0.018419571330220052,0.6413170492438555,-0.010249999999999981,0.2905093304054649,0.8645384615384615,0.19216729490412574,0.8747884615384615,0.001335449074832169,61,0
Morocco,MAR,0.7583387096774195,0.7593415429331795,0.817,2.303,-1.303,0.03417786003878019,0.6487906038326231,-0.01885,0.5041759587370475,1.6315384615384614,0.48197382629222646,1.6503884615384614,0.009249596774193555,62,1
"Mozambique, Rep. of",MOZ,0.3788870967741935,0.4274529630730829,0.3715,1.262,-0.596,0.018569489562086074,0.6043832317712269,-0.0015000000000000055,0.2981328739443468,0.8889999999999999,0.2245662485771181,0.8905,0.005687096774193552,62,0
Myanmar,MMR,0.4770645161290322,0.5312713865438734,0.39249999999999996,1.726,-0.414,0.02587106846969354,0.7594252221725232,-0.007149999999999998,0.2531496904787238,1.237153846153846,0.35709612294960724,1.244303846153846,0.023998387096774196,62,0
Namibia,NAM,0.42282258064516137,0.5212438140483423,0.4205,1.821,-0.71,0.014634207146634437,0.2524327548413349,0.023850000000000003,0.3115146824283264,0.6941538461538463,0.6775226744242397,0.6703038461538463,-0.015520967741935492,62,0
Nepal,NPL,0.23201612903225804,0.4196987587865267,0.183,1.169,-0.561,0.01670008310040039,0.507050287375856,-0.06085,0.26282399053358885,0.6665384615384616,0.3742542841849232,0.7273884615384616,0.01762862903225807,62,0
"Netherlands, The",NLD,0.7411774193548387,0.9307339026567317,0.8240000000000001,2.601,-1.27,0.038301755181184054,0.5423447282516104,-0.02050000000000002,0.6235920984611317,1.611153846153846,0.8013187927986637,1.631653846153846,0.014003225806451611,62,1
New Caledonia,NCL,0.6570967741935484,0.6483364993899442,0.6160000000000001,2.421,-0.806,0.030923572813578097,0.7285636935000648,0.0355,0.38261461990940837,1.442076923076923,0.4607632185729928,1.406576923076923,0.006466532258064511,62,1
New Zealand,NZL,0.3035967741935484,0.4738641243823919,0.3725,1.319,-0.716,0.016111379718465914,0.37020897653772694,0.025900000000000006,0.40973212044739155,0.8347692307692308,0.34307558784378545,0.8088692307692308,0.020356854838709672,62,0
Nicaragua,NIC,0.4576129032258064,0.44534330196793154,0.492,1.526,-0.329,0.02113288509481,0.7211354942909834,0.014099999999999993,0.25499966976242805,1.0047692307692306,0.24641738096373325,0.9906692307692306,0.0019427419354838688,62,0
Niger,NER,0.46751612903225814,0.4858914900082476,0.53,1.557,-0.694,0.019375739719473192,0.5092454254507245,0.07095,0.39089593109594833,0.934,0.3006620472668053,0.8630500000000001,-0.0005270161290322622,62,0
Nigeria,NGA,0.5271612903225806,0.48407751290631224,0.526,1.559,-0.412,0.022175971393316722,0.6720856560436604,0.07825000000000001,0.29527540667904206,1.0816923076923077,0.26972219801596625,1.0034423076923078,0.006131854838709681,62,0
Norfolk Island,NFK,0.2532542372881356,0.38303456467567343,0.201,1.409,-0.452,0.010691363090101484,0.2536527188305385,0.02216666666666668,0.32231830266879685,0.5768461538461538,0.3491331756779558,0.5546794871794871,0.009140736751829165,59,0
"North Macedonia, Republic of ",MKD,0.9460000000000001,0.6376635274135948,1.07,2.083,-0.146,0.05193629032258064,0.5306995069859283,0.0,0.0,1.4396923076923078,0.32684052803964014,1.4396923076923078,0.00015210084033612237,31,2
Norway,NOR,0.6545000000000001,0.9215020653539594,0.8545,2.412,-1.642,0.03511664274382414,0.4650744608549522,-0.03634999999999999,0.7969861832652996,1.4516923076923074,0.711475155881003,1.4880423076923073,0.018539112903225807,62,1
Oman,OMN,0.30632258064516127,0.5289693501149969,0.235,1.421,-0.706,0.020390219334693156,0.4758520187825474,0.043199999999999995,0.35318633817530964,0.9318461538461539,0.31604636952875714,0.8886461538461539,0.04301774193548387,62,0
Pakistan,PAK,0.29069354838709677,0.5393968133169134,0.2865,1.389,-0.584,0.021251517211855656,0.49710973480153187,-0.06220000000000001,0.3442642192148045,0.8742307692307693,0.41843381671939345,0.9364307692307693,0.02672903225806451,62,0
Panama,PAN,0.4795689655172415,0.47127132210316053,0.4575,1.481,-0.401,0.023579101171983145,0.7015491253255309,0.003187499999999982,0.2571360777876181,1.0707692307692307,0.2612148393711435,1.0675817307692308,0.010128571428571431,58,0
Papua New Guinea,PNG,0.34324193548387094,0.36839616147539095,0.314,1.221,-0.493,0.015800987132028908,0.5891520381242085,-0.014849999999999992,0.20303908749950483,0.754,0.35996921164640366,0.76885,-0.0017818548387096775,62,0
Paraguay,PRY,0.38591935483870965,0.4655039343025971,0.377,1.493,-0.663,0.01446825816524389,0.30936766948864813,0.1216,0.42116160168852296,0.816923076923077,0.4226891019686655,0.6953230769230769,0.018378629032258065,62,0
Peru,PER,0.4829677419354839,0.4835260932259861,0.4975,1.778,-0.454,0.02159230439928483,0.6386270290920054,0.008099999999999993,0.25447218853313247,1.0465384615384616,0.32176456594447417,1.0384384615384616,0.0021883064516129112,62,0
Philippines,PHL,0.5195645161290323,0.4965600577965967,0.45799999999999996,1.603,-0.357,0.02550484752335625,0.844872230036006,0.008350000000000005,0.2131059225139609,1.2156923076923076,0.28450641018419504,1.2073423076923075,0.010830645161290314,62,0
Pitcairn Islands,PCN,-0.10559183673469388,0.3252061147583456,-0.11,0.579,-0.7,-0.005583857513470369,0.06152951503687095,-0.04305,0.3309104625280475,-0.11,,-0.06695000000000001,0.01819530812411326,49,0
"Poland, Rep. of",POL,0.7282741935483871,1.0135217293110397,0.7230000000000001,2.677,-1.288,0.03731749389337967,0.4341581429736531,-0.0028999999999999916,0.8181149642543168,1.7239230769230771,0.7675010815995051,1.726823076923077,0.03310967741935483,62,1
Portugal,PRT,0.6683387096774192,0.7144275837147728,0.657,2.318,-0.906,0.030976681524010983,0.6020637671164659,-0.041800000000000004,0.4326552778756827,1.4443076923076925,0.4766244826232675,1.4861076923076926,0.010269758064516122,62,1
Puerto Rico,PRI,0.45719354838709664,0.4501950415567098,0.525,1.349,-0.391,0.021223741532572837,0.7117567914715617,-0.014250000000000007,0.274136515166018,0.9456153846153847,0.21703706997559136,0.9598653846153847,-0.0035213709677419294,62,0
Qatar,QAT,0.6366935483870968,0.804092848689264,0.495,2.165,-0.826,0.03660041298380801,0.6635118914756389,0.01315,0.4638265641152384,1.7346923076923075,0.2897166387510921,1.7215423076923075,0.0528709677419355,62,1
Romania,ROU,0.5769193548387096,0.8934822109243662,0.4645,2.266,-1.193,0.03415413865175895,0.4679548926006047,-0.006300000000000005,0.6064891286394957,1.6462307692307692,0.5187380767860523,1.6525307692307691,0.06092016129032259,62,1
Russian Federation,RUS,1.5096129032258068,0.7833466532693847,1.589,3.691,-0.035,0.05956008064516131,0.4624795743077523,0.0,0.0,2.0064615384615383,0.6756748004013735,2.0064615384615383,0.020562605042016804,31,2
Saint Helena,SHN,0.7320322580645162,0.6302135062623987,0.668,1.902,-0.306,0.03252192087834605,0.8528371366790194,0.0605,0.22476759927580872,1.4915384615384615,0.23159037666557425,1.4310384615384615,0.009116129032258065,62,1
Saint Pierre and Miquelon,SPM,0.21338709677419357,0.814099351051144,0.11649999999999999,2.32,-1.344,0.02471476417113646,0.2951530414619783,-0.17595,0.538175815040714,1.0134615384615384,0.7365348617438977,1.1894115384615385,0.06091572580645161,62,1
Samoa,WSM,0.39589830508474577,0.5143576772700285,0.22,1.44,-0.426,0.0244458945637653,0.7451039611769108,-0.05789999999999999,0.2200676690188007,1.146923076923077,0.22337504394271587,1.204823076923077,0.02587777917640103,59,0
"San Marino, Rep. of",SMR,0.6651935483870968,0.7661833950152446,0.46699999999999997,2.115,-0.585,0.03549842612878042,0.6874511837920068,-0.028849999999999994,0.35815481436472635,1.6149999999999998,0.40821787483319905,1.6438499999999998,0.03333467741935485,62,1
Saudi Arabia,SAU,0.5277096774193549,0.781825188510973,0.5305,2.203,-0.985,0.033626652564780535,0.5924300719978626,-0.008699999999999994,0.4672797088637484,1.6123076923076924,0.39147187736698374,1.6210076923076924,0.060036693548387095,62,1
Senegal,SEN,0.7841451612903226,0.596784822268035,0.8745,1.782,-0.52,0.02775883256528418,0.6928767591972451,0.13190000000000002,0.47578034516161477,1.3421538461538463,0.2942226611921223,1.2102538461538463,-0.025124193548387096,62,0
Seychelles,SYC,0.40006451612903227,0.46291627721288525,0.3805,1.434,-0.531,0.021624486917982418,0.6988369478868203,-0.01925,0.28911750934615893,1.0434615384615384,0.20334437758992968,1.0627115384615384,0.01813911290322581,62,0
Sierra Leone,SLE,0.5901967213114755,0.5185855232334229,0.556,1.728,-0.281,0.0260700618046152,0.8195682883495304,0.08234999999999999,0.24913561620763477,1.258076923076923,0.31290266365609115,1.1757269230769232,0.012322515470424383,61,0
Singapore,SGP,0.582325,0.6362187669151232,0.3485,2.038,-0.466,0.030346448861470275,0.8392191845081307,0.014866666666666667,0.23522781257649744,1.3624615384615386,0.37334202714236336,1.347594871794872,0.020090780664896012,40,1
Slovak Rep.,SVK,1.2409,0.7721969243657992,1.2814999999999999,2.549,-0.418,0.05798776418242492,0.42246918691516977,0.0,0.0,1.6984615384615382,0.6360530134331853,1.6984615384615382,0.013517857142857165,30,2
"Slovenia, Rep. of",SVN,1.4625161290322581,0.6650959121213267,1.524,2.435,-0.12,0.04811774193548386,0.4187279077997171,0.0,0.0,1.8884615384615384,0.5320506892180819,1.8884615384615384,0.035701680672268914,31,2
Solomon Islands,SLB,0.3374528301886792,0.3712476448581792,0.27,1.185,-0.478,0.017970876811374346,0.7148465682096921,0.023263157894736833,0.21323587411994235,0.8645555555555556,0.16890020064457525,0.8412923976608188,0.011423393103065829,53,0
Somalia,SOM,0.5381774193548386,0.5341872489207032,0.463,1.724,-0.591,0.025624915010954135,0.7369312465417672,0.0887,0.3111454390000379,1.2794615384615384,0.2984902609758582,1.1907615384615384,0.02524274193548387,62,0
South Africa,ZAF,0.4684354838709678,0.46438977028019784,0.4065,1.811,-0.504,0.019239530608647477,0.549683618068761,0.060450000000000004,0.2488902685712595,1.0088461538461537,0.39072237504265656,0.9483961538461537,0.011414919354838708,62,0
Spain,ESP,0.7096774193548386,0.7245818988905202,0.762,2.489,-0.825,0.032774697187177355,0.655226649829649,-0.02749999999999999,0.39939302632079615,1.541692307692308,0.4738353062361409,1.569192307692308,0.013802822580645167,62,1
Sri Lanka,LKA,0.4521612903225806,0.43452989776302847,0.42,1.369,-0.334,0.02108675178162222,0.7541698796395059,0.021200000000000004,0.2119996524326843,1.0462307692307693,0.18786438098007202,1.0250307692307692,0.008232258064516128,62,0
St. Kitts and Nevis,KNA,0.39622950819672126,0.414012171890548,0.455,1.153,-0.467,0.018419571330220052,0.6413170492438555,-0.010249999999999981,0.2905093304054649,0.8645384615384615,0.19216729490412574,0.8747884615384615,0.001335449074832169,61,0
St. Lucia,LCA,0.37548387096774194,0.4011605238166968,0.4275,1.177,-0.417,0.01811331872780842,0.6529032302929856,-0.019049999999999997,0.2466035546335347,0.8147692307692307,0.2087694716851396,0.8338192307692307,0.0024052419354838664,62,0
St. Vincent and the Grenadines,VCT,0.3802903225806452,0.42808453292042964,0.441,1.229,-0.451,0.018790410717433453,0.6170247872496248,-0.014699999999999996,0.255318397712594,0.8442307692307691,0.23415954455817578,0.8589307692307692,0.0063362903225806485,62,0
Suriname,SUR,0.588258064516129,0.5890253002804272,0.534,1.79,-0.429,0.029497217395683825,0.8031253562659005,0.005600000000000005,0.2417483249819509,1.3381538461538462,0.2408006942659725,1.3325538461538462,0.017845967741935486,62,1
Sweden,SWE,0.7527258064516128,1.0520049854131048,0.9245000000000001,2.943,-1.672,0.03925035884263806,0.44580076125368495,-0.01635000000000001,0.9165689037181862,1.667,0.8113475416449683,1.6833500000000001,0.0232524193548387,62,1
Switzerland,CHE,0.7860645161290324,0.8574140391592304,0.8385,2.798,-0.87,0.03894200599330161,0.6606091676869679,-0.002749999999999997,0.45989070497925455,1.7837692307692308,0.6691931900737078,1.7865192307692308,0.019753629032258066,62,1
Syrian Arab Rep.,SYR,0.4835967741935484,0.8355859535655479,0.46199999999999997,2.475,-1.12,0.03245516355669714,0.48314165324817404,-0.024799999999999982,0.6058647234803284,1.586153846153846,0.5473010820005514,1.610953846153846,0.06280282258064515,62,1
"São Tomé and Príncipe, Dem. Rep. of",STP,0.48082758620689653,0.5045645147885737,0.377,1.624,-0.351,0.023686592986736425,0.7523841096075108,0.049850000000000005,0.20609126108289222,1.1415384615384616,0.3023548178836182,1.0916884615384617,0.025840501740830805,58,0
Taiwan Province of China,TWN,0.36804838709677423,0.5472160164198694,0.2935,1.898,-0.935,0.023769308252121576,0.6042332548492975,-0.052750000000000005,0.3330915592477619,0.9912307692307691,0.5336056836663433,1.0439807692307692,0.027031451612903216,62,0
"Tajikistan, Rep. of",TJK,0.9484838709677419,0.5898673372431347,1.062,2.074,-0.41,0.0385266129032258,0.3412738001687213,0.0,0.0,1.2104615384615385,0.5355687966054742,1.2104615384615385,-0.04725945378151262,31,2
"Tanzania, United Rep. of",TZA,0.433741935483871,0.46352871419856667,0.39849999999999997,1.45,-0.474,0.021770139256125504,0.7064123243378073,0.0013499999999999983,0.2696177166988378,1.0388461538461535,0.20703536177581122,1.0374961538461536,0.015052016129032252,62,0
Thailand,THA,0.5174193548387096,0.5322677760599845,0.472,1.857,-0.501,0.024370527057994005,0.6713649016968574,0.020300000000000006,0.3404217353441711,1.204076923076923,0.39208724827059893,1.183776923076923,0.006139516129032255,62,0
"Timor-Leste, Dem. Rep. of",TLS,0.4236078431372549,0.5909038632677567,0.37,1.996,-0.727,0.021716747310525555,0.49304207749289913,0.018,0.39058432847089347,0.9915384615384616,0.6065983865492082,0.9735384615384616,0.018131425306329545,51,0
Togo,TGO,0.513,0.4523633994492595,0.5455000000000001,1.554,-0.295,0.02197839389589786,0.7559727225607948,0.053500000000000006,0.25981481259178674,1.0681538461538462,0.2531639278392053,1.0146538461538461,0.006057258064516131,62,0
Tokelau,TKL,0.1390967741935484,0.3342431368116976,0.12,0.975,-0.412,0.025648387096774188,0.47106963361356863,-0.0159,0.286531692010353,0.1390967741935484,0.3342431368116976,0.1549967741935484,0.024530672268907556,31,0
Tonga,TON,0.3907741935483871,0.4297508813012352,0.2965,1.599,-0.606,0.01945873939210798,0.6565759788268472,0.028600000000000007,0.2832999897820794,0.9873846153846153,0.3059797211313027,0.9587846153846153,0.016625403225806457,62,0
Trinidad and Tobago,TTO,0.3849677419354838,0.4581485168322018,0.3665,1.395,-0.534,0.019947319382538853,0.6070796166203443,-0.0034500000000000143,0.2569987661244187,0.9060769230769231,0.267501857170644,0.9095269230769232,0.013899596774193553,62,0
Tunisia,TUN,0.7590483870967742,0.7769994068877082,0.647,2.555,-0.731,0.03637377552819118,0.7018180417465575,-0.03000000000000001,0.3432270998992696,1.6860769230769228,0.4358140776253221,1.7160769230769228,0.017771370967741937,62,1
Turkmenistan,TKM,1.2160645161290322,0.6481570864697037,1.387,2.528,-0.157,0.04455403225806452,0.37801015723606346,0.0,0.0,1.5623076923076922,0.49279227953492816,1.5623076923076922,-0.013509033613445395,31,2
Turks and Caicos Islands,TCA,0.5710357142857143,0.5065913034434067,0.592,1.547,-0.35,0.023656258993343515,0.7441837351403894,0.0526,0.24659179992342342,1.1135833333333334,0.304014789811684,1.0609833333333334,-0.008746658144757325,56,0
Tuvalu,TUV,0.3516333333333333,0.3837164737435992,0.3285,1.195,-0.356,0.01860744330837926,0.7671405444215289,-0.00021052631578948264,0.2058013008671143,0.8460769230769232,0.18604007701678224,0.8462874493927126,0.012695168920934122,60,0
Uganda,UGA,0.49616129032258066,0.5319622589556272,0.352,1.735,-0.295,0.026065674498249845,0.7688921561524279,0.024600000000000004,0.23372822724379338,1.2970769230769232,0.21997403692953615,1.2724769230769233,0.02732701612903226,62,0
Ukraine,UKR,1.273258064516129,0.8828407582177249,1.439,3.026,-0.724,0.06839798387096777,0.4801885915311785,0.0,0.0,1.8491538461538464,0.5830321383585765,1.8491538461538464,-0.02087184873949583,31,2
United Arab Emirates,ARE,0.4258870967741936,0.6670648540516327,0.3765,1.699,-0.801,0.027941149807358165,0.5618774040788871,-0.012250000000000011,0.4290828499314126,1.2828461538461537,0.2968478415377835,1.2950961538461538,0.052426612903225825,62,1
United Kingdom,GBR,0.4659516129032258,0.643452066726666,0.45199999999999996,1.911,-0.868,0.02655060310745134,0.545262360739037,-0.06599999999999998,0.4370432954585428,1.0076923076923077,0.5481694361866873,1.0736923076923077,0.006420161290322579,62,0
United States,USA,0.4898387096774193,0.5855148050123564,0.4685,2.224,-0.415,0.025865679534637753,0.6249728651690396,-0.06655000000000001,0.25729963589476557,1.1521538461538463,0.4850166399471682,1.2187038461538464,0.007681048387096767,62,0
United States Virgin Islands,VIR,0.4165645161290322,0.43006895999804273,0.477,1.32,-0.387,0.020014781798494113,0.6936089054854216,-0.026050000000000007,0.2802809633582927,0.8986153846153846,0.2355757268415468,0.9246653846153846,0.0004080645161290315,62,0
Uruguay,URY,0.37219354838709684,0.4407097588791062,0.355,1.546,-0.762,0.015090831255823325,0.37550016253995294,0.04630000000000001,0.3604612688150968,0.7518461538461538,0.4231866897233115,0.7055461538461538,0.00020564516129031873,62,0
"Uzbekistan, Rep. of",UZB,1.2160322580645162,0.7349416252382256,1.435,2.607,-0.399,0.04463467741935484,0.29507274509447173,0.0,0.0,1.5230769230769228,0.6436578363202069,1.5230769230769228,-0.026761764705882318,31,2
Vanuatu,VUT,0.3549999999999999,0.42462678109818563,0.3585,1.479,-0.569,0.01842255294502783,0.6028010526088244,0.02920000000000001,0.26645244465599843,0.880923076923077,0.32141470136944617,0.851723076923077,0.020382661290322582,62,0
"Venezuela, Rep. Bolivariana de",VEN,0.40496774193548385,0.4389891235239439,0.4345,1.35,-0.409,0.019814006194757115,0.6524184090382722,0.011100000000000002,0.25390671722629077,0.9046153846153846,0.27929421120076303,0.8935153846153846,0.008239112903225805,62,0
Vietnam,VNM,0.41838709677419356,0.5050667906914027,0.3725,1.811,-0.551,0.021162901966709474,0.5622661668384189,0.010750000000000013,0.32579778600908427,1.0128461538461537,0.4193043536926859,1.0020961538461537,0.01602983870967743,62,0
Wallis and Futuna Islands,WLF,0.3496290322580646,0.42144089371946747,0.251,1.379,-0.41,0.019419128201254056,0.679947290707382,0.0016000000000000014,0.19191511281375367,0.955846153846154,0.23658150327594862,0.954246153846154,0.028287903225806446,62,0
West Bank and Gaza,PSE,0.3334193548387097,0.7270233955588404,0.2395,2.326,-1.068,0.02757321648913399,0.4606459173953423,-0.06824999999999998,0.4935002666239348,1.317692307692308,0.5080717443785843,1.3859423076923079,0.06332661290322579,62,1
Western Sahara,ESH,0.8055483870967742,0.7299043834290979,0.8554999999999999,2.204,-1.096,0.03256956510790462,0.6376481646501525,0.041700000000000015,0.5575520839489254,1.6263076923076922,0.34303264776970926,1.5846076923076922,0.005647983870967738,62,1
World,WLD,0.5707741935483871,0.5387043721971724,0.464,1.711,-0.314,0.027926015461710862,0.8606094012635299,0.018099999999999998,0.20159701856609105,1.313076923076923,0.24489911580705415,1.294976923076923,0.018967338709677418,62,0
"Yemen, Rep. of",YEM,0.14161290322580647,0.32966167186681394,0.086,0.971,-0.623,0.01611722528130238,0.20778525346907106,0.086,0.33807099846038263,0.14161290322580647,0.32966167186681394,0.055612903225806476,-0.017612613918806957,31,0
Zambia,ZMB,0.40382258064516136,0.45827729752366997,0.3565,1.45,-0.418,0.017904535267306277,0.48883079496363735,-0.007200000000000007,0.29277773139362906,0.9002307692307692,0.34397484255057426,0.9074307692307692,-0.0029838709677419313,62,0
Zimbabwe,ZWE,0.20367741935483868,0.4416736780443354,0.14850000000000002,1.27,-0.49,0.006095741734028356,0.061001318147498665,-0.003950000000000002,0.3321721929804987,0.3941538461538462,0.5052997206533046,0.3981038461538462,-0.015577419354838709,62,0
